{
  // These tasks will run in order when initializing your CodeSandbox project.
  "setupTasks": [
    {
      "name": "Install Dependencies",
      "command": "yarn install"
    }
  ],

  // These tasks can be run from CodeSandbox. Running one will open a log in the app.
  "tasks": {
    "install": {
      "name": "install dependencies",
      "command": "pnpm install"
    },
    "Development": {
      "name": "Development",
      "command": "pnpm dev",
      "runAtStart": true,
      "preview": {
        "port": 5173
      }
    }
  }
}
